"ID","Title","Description","Status","Priority","Project","Labels","Project Milestone","Blocked by","Related to"
"MCH-78","[M0] Monorepo + Makefile + env hygiene","Repo layout and the one-command setup the subject requires (IV.1, V.8).

**Scope**
- Layout: `backend/`, `mobile/`, `docs/`, `loadtest/`.
- Root `Makefile`: `install`, `up`, `down`, `dev`, `test`, `seed`, `mobile`, `apk`, `loadtest`.
- `.gitignore`: `.env*` (except `.env.example`), `node_modules`, `mobile/android`, `mobile/ios` (generated by `expo prebuild`, never committed), build outputs.
- `.env.example` per app with every variable documented, no real values.

**Acceptance criteria**
- [ ] Fresh clone + `cp .env.example .env` + `make install && make up` works with no manual steps.
- [ ] `git ls-files | grep -E '\.env$'` returns nothing.
- [ ] No vendored third-party code in the repo; all deps come from lockfiles.

**Size:** S  ·  **Critical path**

Part of **M0 — Foundations**.","Backlog","Urgent","Music Room","infra","M0 — Foundations","","MCH-121"
"MCH-79","[M0] docker-compose: postgres + mailpit + backend","Local stack for dev and defense.

**Scope**
- Postgres 16 with a named volume.
- Mailpit (SMTP catcher + web UI) so verification/reset mails are visible during the demo.
- Backend service in watch mode; healthchecks.

**Acceptance criteria**
- [ ] `make up` starts all three; Mailpit UI reachable on :8025.
- [ ] Backend waits for a healthy DB before starting.

**Size:** S  ·  **Blocked by:** MCH-78

Part of **M0 — Foundations**.","Backlog","High","Music Room","infra","M0 — Foundations","MCH-78",""
"MCH-80","[M0] NestJS bootstrap + global pipes/filters + Swagger","Nest skeleton that every feature module plugs into.

**Scope**
- `/api` prefix, `ConfigModule` with env validation (fail fast on missing vars).
- helmet, CORS, global `ValidationPipe({ whitelist, forbidNonWhitelisted, transform })`.
- Global exception filter: consistent JSON error, no stack traces in responses.
- `@nestjs/swagger` + CLI plugin at `/api/docs` with bearer auth; `GET /api/health`.

**Acceptance criteria**
- [ ] `GET /api/health` → 200; `/api/docs` renders.
- [ ] Unknown body fields → 400; thrown errors never leak stack traces.

**Size:** S  ·  **Blocked by:** MCH-78  ·  **Critical path**

Part of **M0 — Foundations**.","Backlog","Urgent","Music Room","backend","M0 — Foundations","MCH-78","MCH-113"
"MCH-81","[M0] Prisma schema v1 + migrations","Data model for all mandatory features in one go, so later tickets don't fight migrations.

**Scope**
- Models: `User`, `Identity` (provider + providerId), `RefreshToken`, `EmailToken`, `Profile`, `Friendship`, `Track` (provider snapshot), `Event`, `EventInvite`, `EventTrack`, `Vote`, `Playlist`, `PlaylistMember`, `PlaylistTrack`, `ActionLog`.
- Unique constraints that do the concurrency work: `Vote(eventTrackId,userId)`, `EventTrack(eventId,trackId)`, `Identity(provider,providerId)`.
- `version` int on `Event` and `Playlist`.
- `PrismaService` + `make seed` stub.

**Acceptance criteria**
- [ ] `prisma migrate reset` builds the DB from scratch.
- [ ] Schema committed; `prisma generate` runs on `make install`.

**Size:** M  ·  **Blocked by:** MCH-79, MCH-80  ·  **Critical path**

Part of **M0 — Foundations**.","Backlog","Urgent","Music Room","backend","M0 — Foundations","MCH-79, MCH-80",""
"MCH-82","[M0] Action logging (platform / device / app version)","V.6: every app action must produce a backend log with platform, device and app version.

**Scope**
- Mobile axios + socket handshake send `X-Platform`, `X-Device`, `X-App-Version`, `X-Request-Id` (expo-device / expo-application).
- Nest interceptor writes `ActionLog` (userId, action/route, status, platform, device, appVersion, durationMs, ip) and logs to stdout via pino.
- Same wrapper for Socket.IO events.
- `POST /api/logs/client` batch endpoint for client-only actions (screen view, local play/pause).

**Acceptance criteria**
- [ ] Every REST call and socket event from the app creates a row containing all 3 fields.
- [ ] Requests from Swagger/curl get logged as `platform=unknown` and aren't rejected.
- [ ] Tokens and passwords never appear in logs.

**Size:** M  ·  **Blocked by:** MCH-80, MCH-81

Part of **M0 — Foundations**.","Backlog","High","Music Room","backend,mobile","M0 — Foundations","MCH-80, MCH-81","MCH-98, MCH-99"
"MCH-83","[M0] Expo RN scaffold + configurable backend URL","App shell. V.5 requires the backend address to be configurable in the app for tests.

**Scope**
- Expo + TypeScript + expo-router + dev client (Android target).
- TanStack Query, Zustand, axios client with interceptors, expo-secure-store for tokens.
- Settings screen (reachable from the login screen) with a Backend URL field; persisted; validated by pinging `/api/health`.

**Acceptance criteria**
- [ ] Changing the URL at runtime on a physical Android phone (LAN IP) works without a rebuild.
- [ ] Bad URL → clear error, app doesn't crash.

**Size:** M  ·  **Blocked by:** MCH-78

Part of **M0 — Foundations**.","Backlog","High","Music Room","mobile","M0 — Foundations","MCH-78","MCH-82"
"MCH-84","[M0] Google Sign-In spike (risk)","Highest external-integration risk, so de-risk it in week 1.

**Scope**
- Google Cloud project: Android OAuth client (debug SHA-1) + Web client ID (idToken audience).
- `@react-native-google-signin/google-signin` in the dev build returns an idToken.
- Backend script verifies it with `google-auth-library` (aud, iss, exp, email_verified).

**Acceptance criteria**
- [ ] idToken obtained on a real device and verified server-side.
- [ ] Setup steps written in `docs/google-auth.md` (incl. adding release SHA-1 later).

**Size:** S  ·  **Blocked by:** MCH-83

Part of **M0 — Foundations**.","Backlog","High","Music Room","mobile,backend","M0 — Foundations","MCH-83","MCH-89, MCH-118"
"MCH-85","[M0] CI skeleton (GitHub Actions)","V.8 continuous integration.

**Scope**
- Backend: lint, typecheck, unit, e2e (postgres service container).
- Mobile: lint, typecheck, jest.
- gitleaks secret scan on every push.

**Acceptance criteria**
- [ ] Pipeline green on main; red on a failing test or a committed secret.

**Size:** S  ·  **Blocked by:** MCH-80, MCH-83

Part of **M0 — Foundations**.","Backlog","High","Music Room","infra","M0 — Foundations","MCH-80, MCH-83","MCH-114, MCH-115"
"MCH-86","[M1] Email/password register + login + token rotation","Core auth. Session-theft protection (V.6) is built in from the start.

**Scope**
- `POST /auth/register`, `POST /auth/login`; argon2id; password policy.
- Access JWT (15 min) + refresh token (30 d) stored hashed, rotated on every refresh, reuse detection revokes the whole token family.
- Global `JwtAuthGuard` with `@Public()` opt-out.
- Generic error messages (no account enumeration).

**Acceptance criteria**
- [ ] Login before email verification → 403 `EMAIL_NOT_VERIFIED`.
- [ ] Replaying an already-used refresh token revokes the session family (e2e test).
- [ ] Every non-`@Public` route → 401 without a token.

**Size:** M  ·  **Blocked by:** MCH-81  ·  **Critical path**

Part of **M1 — Auth & Accounts (V.1)**.","Backlog","Urgent","Music Room","backend","M1 — Auth & Accounts","MCH-81","MCH-87, MCH-91"
"MCH-87","[M1] Email verification","Mandatory mail validation for mail/password accounts.

**Scope**
- Random 32-byte token, stored hashed, 24 h expiry, single use.
- Email link → backend `GET /auth/verify?token=` shows a small HTML 'verified, go back to the app' page (no deep-link setup needed).
- `POST /auth/verify/resend` (throttled).

**Acceptance criteria**
- [ ] Mail shows up in Mailpit; link verifies once; expired/reused token → error page.
- [ ] Verified user can log in.

**Size:** S  ·  **Blocked by:** MCH-86, MCH-79

Part of **M1 — Auth & Accounts (V.1)**.","Backlog","High","Music Room","backend","M1 — Auth & Accounts","MCH-86, MCH-79","MCH-92"
"MCH-88","[M1] Forgot / reset password","Mandatory: invite the user to change their password if forgotten.

**Scope**
- `POST /auth/password/forgot` → 6-digit code by email (always 200, no enumeration).
- `POST /auth/password/reset` {email, code, newPassword}; 15 min expiry, 5 attempts max.
- Revoke all refresh tokens on reset.

**Acceptance criteria**
- [ ] Full flow works from the app; 6th wrong code → code invalidated.
- [ ] Old sessions are logged out after reset.

**Size:** S  ·  **Blocked by:** MCH-86, MCH-79

Part of **M1 — Auth & Accounts (V.1)**.","Backlog","High","Music Room","backend","M1 — Auth & Accounts","MCH-86, MCH-79","MCH-92"
"MCH-89","[M1] Google sign-up / sign-in (backend)","Social registration (V.1, V.5). Google only; the subject says Facebook *or* Google.

**Scope**
- `POST /auth/google {idToken}` → verify → find `Identity(google, sub)` → issue tokens.
- New Google user → create account (treated as email-verified).
- Email already belongs to a local account → refuse and tell the user to log in and link (no silent auto-link = no account takeover).

**Acceptance criteria**
- [ ] New Google user lands logged in; returning user gets the same account.
- [ ] Collision case returns `ACCOUNT_EXISTS_LINK_REQUIRED`.

**Size:** S  ·  **Blocked by:** MCH-84, MCH-86

Part of **M1 — Auth & Accounts (V.1)**.","Backlog","High","Music Room","backend","M1 — Auth & Accounts","MCH-84, MCH-86","MCH-90"
"MCH-90","[M1] Link / unlink Google on an existing account","V.1: once registered, the user can link their social account.

**Scope**
- `POST /auth/link/google` (authenticated), `DELETE /auth/link/google`.
- Unlink only allowed if a password is set (no lockout).

**Acceptance criteria**
- [ ] Mail/password user links Google, then signs in with either method into the same account.
- [ ] Google already linked to another user → 409.

**Size:** S  ·  **Blocked by:** MCH-89

Part of **M1 — Auth & Accounts (V.1)**.","Backlog","High","Music Room","backend","M1 — Auth & Accounts","MCH-89","MCH-96"
"MCH-91","[M1] Logout + session management","Clean session end.

**Scope**
- `POST /auth/logout` revokes the current refresh token; `POST /auth/logout-all`.

**Acceptance criteria**
- [ ] After logout the refresh token is rejected; the access token expires within 15 min.

**Size:** S  ·  **Blocked by:** MCH-86

Part of **M1 — Auth & Accounts (V.1)**.","Backlog","High","Music Room","backend","M1 — Auth & Accounts","MCH-86",""
"MCH-92","[M1] Auth screens (mobile)","All auth UI.

**Scope**
- Register, login, 'check your mail' (resend), forgot/reset, Google button, link/unlink in settings.
- Auth-gated routing; silent refresh in the axios interceptor with a single in-flight refresh.

**Acceptance criteria**
- [ ] Register → verify via Mailpit → login → reset → logout works on a physical device.
- [ ] Killing and reopening the app keeps the session.

**Size:** M  ·  **Blocked by:** MCH-83, MCH-86, MCH-87, MCH-88

Part of **M1 — Auth & Accounts (V.1)**.","Backlog","High","Music Room","mobile","M1 — Auth & Accounts","MCH-83, MCH-86, MCH-87, MCH-88","MCH-89, MCH-90"
"MCH-93","[M2] Profile model + /users/me","V.1 profile: public, friends-only and private info plus music preferences.

**Scope**
- Field groups: public (displayName, bio, avatarUrl), friends-only (realName, city, …), private (birthDate, phone, …), `musicPreferences` (genres from a fixed list + free tags).
- `GET/PATCH /users/me` with DTO whitelisting.

**Acceptance criteria**
- [ ] User can read and update every group; unknown fields → 400.

**Size:** S  ·  **Blocked by:** MCH-81, MCH-86  ·  **Critical path**

Part of **M2 — Profile & Friends (V.1)**.","Backlog","Urgent","Music Room","backend","M2 — Profile & Friends","MCH-81, MCH-86","MCH-95"
"MCH-94","[M2] Friends: search, request, accept, remove","Needed for friends-only info, invites and delegation. The subject never specifies it, so keep it minimal.

**Scope**
- `GET /users/search?q=`, `POST /friends/requests/:userId`, accept/decline, `DELETE /friends/:userId`, `GET /friends`.

**Acceptance criteria**
- [ ] Request → accept makes the friendship symmetric; duplicate requests are idempotent.

**Size:** M  ·  **Blocked by:** MCH-93  ·  **Critical path**

Part of **M2 — Profile & Friends (V.1)**.","Backlog","Urgent","Music Room","backend","M2 — Profile & Friends","MCH-93","MCH-95, MCH-102, MCH-107"
"MCH-95","[M2] Visibility-filtered profile view","Authz core: users only see the data they're allowed to see.

**Scope**
- `GET /users/:id`: public always; friends-only if friends; private only for self (self uses `/me`).

**Acceptance criteria**
- [ ] e2e: stranger / friend / self each get exactly the right fields.

**Size:** S  ·  **Blocked by:** MCH-93, MCH-94

Part of **M2 — Profile & Friends (V.1)**.","Backlog","High","Music Room","backend","M2 — Profile & Friends","MCH-93, MCH-94","MCH-111"
"MCH-96","[M2] Profile & friends screens (mobile)","Profile UI.

**Scope**
- Edit my profile (3 sections + music preferences), user search, friend requests inbox, other user's profile.

**Acceptance criteria**
- [ ] All V.1 profile actions are possible from the app.

**Size:** M  ·  **Blocked by:** MCH-92, MCH-93, MCH-94, MCH-95

Part of **M2 — Profile & Friends (V.1)**.","Backlog","High","Music Room","mobile","M2 — Profile & Friends","MCH-92, MCH-93, MCH-94, MCH-95",""
"MCH-97","[M3] Deezer catalog proxy","Track search and metadata. Deezer's public API needs no key or user login, and gives 30 s preview MP3s.

**Scope**
- `GET /tracks/search?q=`, `GET /tracks/:providerId`; normalized DTO {providerId, title, artist, album, cover, durationSec, previewUrl}.
- In-memory TTL cache; snapshot into `Track` when first used in an event/playlist.
- Defense note: Deezer only supplies metadata/audio; voting, ordering, permissions and realtime are ours ('the SDK must not do your work').

**Acceptance criteria**
- [ ] Search returns normalized results; the mobile app never calls Deezer directly.

**Size:** S  ·  **Blocked by:** MCH-80

Part of **M3 — Music Core & Realtime**.","Backlog","High","Music Room","backend","M3 — Music Core & Realtime","MCH-80","MCH-100"
"MCH-98","[M3] Socket.IO gateway + room authz","Realtime transport for vote and playlist.

**Scope**
- JWT auth on the handshake; rooms `event:{id}` / `playlist:{id}`; joining runs the same authz as REST.
- Server → client only: `{type, version, payload}`. Writes stay on REST so validation, authz and logging live in one place.
- Clients refetch the snapshot on reconnect or on a version gap.

**Acceptance criteria**
- [ ] A non-invited user can't join a private room (e2e).
- [ ] Two devices see the same update in under 1 s on LAN.

**Size:** M  ·  **Blocked by:** MCH-86, MCH-82

Part of **M3 — Music Core & Realtime**.","Backlog","High","Music Room","backend","M3 — Music Core & Realtime","MCH-86, MCH-82","MCH-104, MCH-108"
"MCH-99","[M3] Mobile realtime client + audio player","Shared plumbing for both services.

**Scope**
- One socket provider; `useRoom(id)` hook merges events into the TanStack Query cache by version.
- expo-audio player: play/pause/next, end-of-track callback, mini-player.

**Acceptance criteria**
- [ ] Queue updates appear live without a manual refresh; audio plays a preview URL.

**Size:** M  ·  **Blocked by:** MCH-83, MCH-98

Part of **M3 — Music Core & Realtime**.","Backlog","High","Music Room","mobile","M3 — Music Core & Realtime","MCH-83, MCH-98","MCH-105"
"MCH-100","[M3] Track search component (mobile)","Reused by vote and playlist.

**Scope**
- Debounced search, result list, `onPick(track)` callback.

**Acceptance criteria**
- [ ] Usable from both the event and playlist screens.

**Size:** S  ·  **Blocked by:** MCH-97, MCH-83

Part of **M3 — Music Core & Realtime**.","Backlog","High","Music Room","mobile","M3 — Music Core & Realtime","MCH-97, MCH-83","MCH-106, MCH-109"
"MCH-101","[M4] Events CRUD + visibility","V.2.1 visibility: public by default; private events are only findable by invitees.

**Scope**
- Create {name, description, visibility=PUBLIC, licenseMode=EVERYONE, geo {lat,lng,radiusM}?, window {start,end,tz}?}.
- `GET /events` (public + private where invited), `GET /events/:id`, owner PATCH/DELETE.
- Private event → 404 (not 403) for non-invited users.

**Acceptance criteria**
- [ ] e2e: a stranger can't list or fetch a private event; the owner can.

**Size:** M  ·  **Blocked by:** MCH-81, MCH-86

Part of **M4 — Music Track Vote (V.2.1)**.","Backlog","High","Music Room","backend","M4 — Music Track Vote","MCH-81, MCH-86","MCH-102, MCH-103"
"MCH-102","[M4] Event invites","Invites drive both private visibility and the invited-only license.

**Scope**
- Owner invites users (friends picker); `GET /events/:id/invites`; remove invite.

**Acceptance criteria**
- [ ] An invited user immediately sees the private event.

**Size:** S  ·  **Blocked by:** MCH-101, MCH-94

Part of **M4 — Music Track Vote (V.2.1)**.","Backlog","High","Music Room","backend","M4 — Music Track Vote","MCH-101, MCH-94",""
"MCH-103","[M4] Vote license policy","V.2.1 license: everyone (default) / invited only / located in a place during a time window.

**Scope**
- Pure `canVote(user, event, location, now)`: EVERYONE | INVITED_ONLY | LOCATION_TIME (haversine ≤ radius AND server time within window).
- App sends GPS with each vote (expo-location); server time only.

**Acceptance criteria**
- [ ] Table-driven unit tests cover every mode and boundary (radius edge, window edges, missing location).

**Size:** S  ·  **Blocked by:** MCH-101

Part of **M4 — Music Track Vote (V.2.1)**.","Backlog","High","Music Room","backend","M4 — Music Track Vote","MCH-101","MCH-104"
"MCH-104","[M4] Suggest + vote with concurrency safety","The core of V.2.1, including the 'competition problematics' warning.

**Scope**
- `POST /events/:id/tracks` (suggest). Same track suggested twice → upvote instead of a duplicate (unique constraint + upsert).
- `PUT/DELETE /events/:id/tracks/:etId/vote`: one upvote per user per track; `Vote` unique constraint makes double votes idempotent; score updated atomically in the same transaction.
- Order: score DESC, suggestedAt ASC, id. The playing track is out of the queue.
- Bump `event.version`; broadcast `queue:updated` with the full ordered queue.

**Acceptance criteria**
- [ ] e2e: 50 users vote in parallel → score is exactly 50.
- [ ] One user fires 10 parallel votes → score 1.
- [ ] 2 users suggest the same track in parallel → one entry with 2 votes.
- [ ] All clients converge to the same queue/version.

**Size:** L  ·  **Blocked by:** MCH-98, MCH-101, MCH-103, MCH-97

Part of **M4 — Music Track Vote (V.2.1)**.","Backlog","High","Music Room","backend","M4 — Music Track Vote","MCH-98, MCH-101, MCH-103, MCH-97","MCH-106, MCH-117"
"MCH-105","[M4] Event playback progression","Who plays and how the queue advances.

**Scope**
- The owner's device is the player. `POST /events/:id/next {expectedCurrentId}` is idempotent, so a double tap or the end-of-track callback can't skip twice.
- Broadcast `nowPlaying`.

**Acceptance criteria**
- [ ] Track end auto-advances to the top-voted track for every participant.

**Size:** S  ·  **Blocked by:** MCH-104, MCH-99

Part of **M4 — Music Track Vote (V.2.1)**.","Backlog","High","Music Room","backend,mobile","M4 — Music Track Vote","MCH-104, MCH-99",""
"MCH-106","[M4] Event screens (mobile)","First demo-able service.

**Scope**
- Discover list, create form (visibility, license, 'use my location' + radius, time pickers), event room (live queue + vote buttons, now playing, suggest, invite), owner controls.

**Acceptance criteria**
- [ ] Two phones in the same event: votes reorder the queue live on both.
- [ ] Each license mode behaves correctly in the UI (vote button disabled with a reason).

**Size:** L  ·  **Blocked by:** MCH-99, MCH-100, MCH-101, MCH-102, MCH-104

Part of **M4 — Music Track Vote (V.2.1)**.","Backlog","High","Music Room","mobile","M4 — Music Track Vote","MCH-99, MCH-100, MCH-101, MCH-102, MCH-104","MCH-105"
"MCH-107","[M5] Playlists CRUD + visibility + edit license","V.2.3 visibility (public default) and license (everyone edits by default / invited only).

**Scope**
- CRUD, members/invites, `editMode` EVERYONE | INVITED_ONLY.
- Private playlist → 404 for non-members.

**Acceptance criteria**
- [ ] e2e: a stranger can't see a private playlist; a non-invited user can't edit an INVITED_ONLY playlist.

**Size:** M  ·  **Blocked by:** MCH-81, MCH-86, MCH-94  ·  **Critical path**

Part of **M5 — Music Playlist Editor (V.2.3)**.","Backlog","Urgent","Music Room","backend","M5 — Music Playlist Editor","MCH-81, MCH-86, MCH-94","MCH-108"
"MCH-108","[M5] Concurrency-safe add / remove / move","V.2.3 warning: several people moving different tracks, or the same one.

**Scope**
- Each write runs in a transaction that `SELECT … FOR UPDATE`s the playlist row (serialized per playlist, fine at this scale) and renumbers positions contiguously.
- Ops reference `playlistTrackId` and move uses an anchor (`afterId`), so concurrent moves of different tracks both apply; concurrent moves of the same track are last-write-wins, deterministic.
- Referenced item deleted meanwhile → 409 + fresh snapshot. Bump `version`, broadcast the full list.

**Acceptance criteria**
- [ ] e2e: 20 parallel moves → positions are 0..n-1 with no gaps or duplicates.
- [ ] Every client's final version equals the DB version.

**Size:** L  ·  **Blocked by:** MCH-107, MCH-98, MCH-97  ·  **Critical path**

Part of **M5 — Music Playlist Editor (V.2.3)**.","Backlog","Urgent","Music Room","backend","M5 — Music Playlist Editor","MCH-107, MCH-98, MCH-97","MCH-109, MCH-117"
"MCH-109","[M5] Playlist screens (mobile)","Second service.

**Scope**
- List/discover/create, editor with drag-and-drop (react-native-draggable-flatlist), add via search, remove, members/invite, play the playlist as a 'radio'.

**Acceptance criteria**
- [ ] Two phones editing the same playlist converge with no lost tracks.

**Size:** L  ·  **Blocked by:** MCH-99, MCH-100, MCH-108  ·  **Critical path**

Part of **M5 — Music Playlist Editor (V.2.3)**.","Backlog","Urgent","Music Room","mobile","M5 — Music Playlist Editor","MCH-99, MCH-100, MCH-108",""
"MCH-110","[M6] Rate limiting / brute-force protection","V.6 bruteforce.

**Scope**
- `@nestjs/throttler` global + strict limits on login/register/forgot/reset; per-socket event rate limit.

**Acceptance criteria**
- [ ] 6th login attempt within a minute → 429; a socket flood gets throttled.

**Size:** S  ·  **Blocked by:** MCH-86, MCH-98

Part of **M6 — Security, Logs & API Docs (V.4 + V.6)**.","Backlog","High","Music Room","backend","M6 — Security, Logs & API Docs","MCH-86, MCH-98","MCH-112"
"MCH-111","[M6] Authorization audit + IDOR tests","V.6: users access their own data and nothing else.

**Scope**
- Review every controller and gateway handler for ownership/membership checks.
- e2e IDOR suite: B can't edit A's profile/event/playlist, read A's private fields, or join A's private rooms.

**Acceptance criteria**
- [ ] IDOR suite green; no endpoint without an explicit guard decision.

**Size:** M  ·  **Blocked by:** MCH-95, MCH-104, MCH-108

Part of **M6 — Security, Logs & API Docs (V.4 + V.6)**.","Backlog","High","Music Room","backend,qa","M6 — Security, Logs & API Docs","MCH-95, MCH-104, MCH-108","MCH-112"
"MCH-112","[M6] Threat model doc","V.6: identify the other hazards and explain practicable protections.

**Scope**
- `docs/security.md`: implemented protections (hashing, rotation/reuse detection, throttling, validation, authz, secrets) + hazards with mitigations (MITM/TLS, GPS spoofing on location license, enumeration, mass assignment, DoS, log leakage, stolen phone).

**Acceptance criteria**
- [ ] Every V.6 bullet maps to a section you can defend.

**Size:** S  ·  **Blocked by:** MCH-110, MCH-111

Part of **M6 — Security, Logs & API Docs (V.4 + V.6)**.","Backlog","High","Music Room","docs","M6 — Security, Logs & API Docs","MCH-110, MCH-111","MCH-120"
"MCH-113","[M6] API docs + architecture justification","V.4: documentation with methods, inputs and outputs; justify REST + JSON.

**Scope**
- Swagger decorators and response DTOs on every route; error responses documented.
- `docs/realtime.md` for socket events (Swagger doesn't cover WS).
- `docs/architecture.md`: stack choices, REST+JSON vs alternatives, why Postgres, why Deezer.
- `make openapi` exports `openapi.json`.

**Acceptance criteria**
- [ ] Every endpoint visible in `/api/docs` with schemas; the realtime doc lists every event.

**Size:** S  ·  **Blocked by:** MCH-104, MCH-108

Part of **M6 — Security, Logs & API Docs (V.4 + V.6)**.","Backlog","High","Music Room","docs,backend","M6 — Security, Logs & API Docs","MCH-104, MCH-108","MCH-120"
"MCH-114","[M7] Backend tests per layer","V.8: one-off tests for each layer.

**Scope**
- Unit: license policy, ordering, token service. e2e (supertest + test DB): auth flows, visibility, concurrency suites.

**Acceptance criteria**
- [ ] `make test` green locally and in CI.

**Size:** M  ·  **Blocked by:** MCH-104, MCH-108

Part of **M7 — Quality, CI & Ramp-up (V.7 + V.8)**.","Backlog","High","Music Room","backend,qa","M7 — Quality, CI & Ramp-up","MCH-104, MCH-108","MCH-85"
"MCH-115","[M7] Mobile tests + device QA checklist","Client-layer tests.

**Scope**
- Jest + RNTL: API client (URL config, headers, refresh), 2–3 key screens.
- `docs/qa-checklist.md` run on a physical Android device.

**Acceptance criteria**
- [ ] Mobile tests green in CI; checklist fully ticked.

**Size:** S  ·  **Blocked by:** MCH-106, MCH-109  ·  **Critical path**

Part of **M7 — Quality, CI & Ramp-up (V.7 + V.8)**.","Backlog","Urgent","Music Room","mobile,qa","M7 — Quality, CI & Ramp-up","MCH-106, MCH-109","MCH-85"
"MCH-116","[M7] Seed + demo data","Data for the demo and the load test.

**Scope**
- `make seed`: users with friendships, events (public/private × each license mode), playlists, plus N load-test users.

**Acceptance criteria**
- [ ] Every demo scenario is reachable right after `make seed`.

**Size:** S  ·  **Blocked by:** MCH-104, MCH-108

Part of **M7 — Quality, CI & Ramp-up (V.7 + V.8)**.","Backlog","High","Music Room","backend","M7 — Quality, CI & Ramp-up","MCH-104, MCH-108","MCH-117, MCH-119"
"MCH-117","[M7] Ramp-up load test + report","V.7: measure and justify concurrent users per service.

**Scope**
- Artillery (HTTP + Socket.IO engine): auth/browse, vote storm, playlist-edit storm. Production build (`node dist`), not watch mode.
- Ramp until p95 > 500 ms or errors > 1%.
- `docs/rampup.md`: machine specs (CPU, RAM, OS, cloud/on-prem, docker limits), method, results table, bottleneck, max users per service.

**Acceptance criteria**
- [ ] A reproducible `make loadtest` and a report with numbers consistent with the hardware.

**Size:** M  ·  **Blocked by:** MCH-104, MCH-108, MCH-116

Part of **M7 — Quality, CI & Ramp-up (V.7 + V.8)**.","Backlog","High","Music Room","qa,docs","M7 — Quality, CI & Ramp-up","MCH-104, MCH-108, MCH-116","MCH-119"
"MCH-118","[M7] Android release APK","Installable build for the defense.

**Scope**
- `make apk` (expo prebuild + gradle assembleRelease, or `eas build --local`).
- Register the release keystore SHA-1 in Google Cloud; the keystore itself stays out of git.

**Acceptance criteria**
- [ ] The APK installs on a clean phone; Google Sign-In works in the release build; the backend URL can be set.

**Size:** S  ·  **Blocked by:** MCH-92, MCH-84

Part of **M7 — Quality, CI & Ramp-up (V.7 + V.8)**.","Backlog","High","Music Room","mobile","M7 — Quality, CI & Ramp-up","MCH-92, MCH-84","MCH-119"
"MCH-119","[M8] Defense dry-run + checklist pass","Full mandatory checklist on 2 phones + Swagger.

**Scope**
- Run every item in the defense checklist (see PLAN.md §8) end to end; fix gaps.

**Acceptance criteria**
- [ ] Every mandatory item passes with no crash and no manual DB edits.

**Size:** M  ·  **Blocked by:** MCH-106, MCH-109, MCH-117, MCH-118, MCH-111, MCH-115  ·  **Critical path**

Part of **M8 — Defense Prep**.","Backlog","Urgent","Music Room","qa","M8 — Defense Prep","MCH-106, MCH-109, MCH-117, MCH-118, MCH-111, MCH-115","MCH-121"
"MCH-120","[M8] Demo script + justifications + AI-usage note","Talking points, plus the subject's AI transparency rule (Chapter II).

**Scope**
- Demo order, who presents what, tech-choice justifications.
- `docs/ai-usage.md`: what was AI-generated and how it was reviewed.

**Acceptance criteria**
- [ ] Every team member can explain every layer without AI help.

**Size:** S  ·  **Blocked by:** MCH-112, MCH-113, MCH-117

Part of **M8 — Defense Prep**.","Backlog","High","Music Room","docs","M8 — Defense Prep","MCH-112, MCH-113, MCH-117",""
"MCH-121","[M8] Fresh-clone + secrets verification","Final repo gate.

**Scope**
- Clone into an empty dir on another machine → `make install up seed test`.
- gitleaks over the full history; check folder/file names.

**Acceptance criteria**
- [ ] Works first try; zero secrets in history.

**Size:** S  ·  **Blocked by:** MCH-119  ·  **Critical path**

Part of **M8 — Defense Prep**.","Backlog","Urgent","Music Room","infra,qa","M8 — Defense Prep","MCH-119","MCH-78"
"MCH-122","[M9] Device registry","V.2.2 needs per-device licenses.

**Scope**
- Register the device on login (installation id, name, platform); list/rename/remove.

**Acceptance criteria**
- [ ] Each phone appears once per account.

**Size:** S  ·  **Blocked by:** MCH-86

Part of **M9 — Stretch: Music Control Delegation (V.2.2)**.","Backlog","Medium","Music Room","backend","M9 — Stretch: Music Control Delegation","MCH-86","MCH-123"
"MCH-123","[M9] Per-device control licenses","Owner gives control of a specific device to specific friends.

**Scope**
- Grant/revoke `DeviceDelegation(deviceId, friendId)`; checked on every command.

**Acceptance criteria**
- [ ] A non-delegated friend's command → 403; revoke takes effect immediately.

**Size:** M  ·  **Blocked by:** MCH-122, MCH-94

Part of **M9 — Stretch: Music Control Delegation (V.2.2)**.","Backlog","Medium","Music Room","backend","M9 — Stretch: Music Control Delegation","MCH-122, MCH-94","MCH-124"
"MCH-124","[M9] Remote control commands","Play/pause/next/volume sent to the target device's room; the player obeys and reports its state.

**Scope**
- Socket room `device:{id}`; commands go through REST for logging/authz; the device acks state.

**Acceptance criteria**
- [ ] A friend controls my phone's playback live.

**Size:** M  ·  **Blocked by:** MCH-123, MCH-99

Part of **M9 — Stretch: Music Control Delegation (V.2.2)**.","Backlog","Medium","Music Room","backend,mobile","M9 — Stretch: Music Control Delegation","MCH-123, MCH-99","MCH-125"
"MCH-125","[M9] Delegation screens","UI for V.2.2.

**Scope**
- My devices, delegations per device, remote-control screen.

**Acceptance criteria**
- [ ] The whole delegation flow works from the app.

**Size:** S  ·  **Blocked by:** MCH-124

Part of **M9 — Stretch: Music Control Delegation (V.2.2)**.","Backlog","Medium","Music Room","mobile","M9 — Stretch: Music Control Delegation","MCH-124",""
"MCH-126","[M10] Bonus: responsive web (Expo web)","VI.1: the same codebase via react-native-web.

**Scope**
- Web fallbacks for SecureStore / Google Sign-In / drag list; responsive breakpoints.

**Acceptance criteria**
- [ ] Core flows work in a desktop and a mobile browser.

**Size:** M  ·  **Blocked by:** MCH-119

Part of **M10 — Bonus (VI)**.","Backlog","Low","Music Room","mobile,bonus","M10 — Bonus","MCH-119",""
"MCH-127","[M10] Bonus: free vs paid subscription","VI.3: two plans, switchable; Playlist Editor is premium-only.

**Scope**
- `plan` on User, mock upgrade/downgrade (no real payment), `PremiumGuard`.

**Acceptance criteria**
- [ ] A free user is blocked from playlist editing with a clear upsell; switching plans works.

**Size:** S  ·  **Blocked by:** MCH-119

Part of **M10 — Bonus (VI)**.","Backlog","Low","Music Room","backend,mobile,bonus","M10 — Bonus","MCH-119",""
"MCH-128","[M10] Bonus: offline mode + sync","VI.4: offline use with conflict and stale-data handling.

**Scope**
- Persisted query cache; offline read; queued mutations replayed on reconnect; server version wins, rejected ops are surfaced; stale banner.

**Acceptance criteria**
- [ ] Airplane mode → browse cached playlists → queue edits → reconnect → converge with a conflict notice.

**Size:** L  ·  **Blocked by:** MCH-119

Part of **M10 — Bonus (VI)**.","Backlog","Low","Music Room","mobile,backend,bonus","M10 — Bonus","MCH-119",""
"MCH-129","[M10] Bonus: iBeacon event discovery","VI.2: nearby public events push their info.

**Scope**
- Beacon UUID/major/minor per event; BLE scan (react-native-ble-plx); local notification with event info.

**Acceptance criteria**
- [ ] Near a beacon (hardware or a phone emulating one) → the event info appears.

**Size:** L  ·  **Blocked by:** MCH-119

Part of **M10 — Bonus (VI)**.","Backlog","Low","Music Room","mobile,bonus","M10 — Bonus","MCH-119",""
